"source","term_name","term_id","highlighted","adjusted_p_value","negative_log10_of_adjusted_p_value","term_size","query_size","intersection_size","effective_domain_size","intersections"
"GO:MF","interleukin-8 receptor activity","GO:0004918","true","0.04933402241925736","1.306853473160023","2","172","2","20208","CXCR1,CXCR2"
"GO:MF","linoleate 9S-lipoxygenase activity","GO:1990136","true","0.04933402241925736","1.306853473160023","2","172","2","20208","ALOX15B,ALOX12B"
"GO:BP","multicellular organismal process","GO:0032501","true","0.000001716494957264151","5.765357468110978","7337","174","100","20972","VGF,MPO,CRH,GNRH1,KCNE5,KLF15,PRKX,GABRR2,DNAH11,ADCYAP1,HES5,SST,SFTPA1,SFN,ELANE,PPEF1,TFCP2L1,EGR1,GPR3,ABCC2,SCN11A,ADAMTS2,CSF3,ADORA2A,F3,FOXJ1,HSPB7,DUSP4,CARTPT,LBX2,IL33,KRT5,MAS1,AHSG,SPRED3,NEUROD6,AKR1C2,GADD45A,TJP3,CTSG,TSHR,RDH12,KAZALD1,CHRNA5,HIF3A,SCG2,BAAT,IRX5,SLC38A2,OR7A5,SLC5A3,PLK4,KRT81,LRIT1,FAM3D,NRN1,RFX6,FOXO4,CD244,PCDHGC5,EPS8L3,CITED1,GMNC,CHRNB4,ALOX15B,SERPINF2,ATOH7,DLX4,AQP8,HHLA2,PROK2,NKG7,SPDEF,MSC,TAC1,MCHR1,CTRB1,SLC4A9,SMTN,OIT3,ALOX12B,ADRA1D,SLC6A9,ANGPTL4,RGS4,DNAJB1,HCRTR1,HSPA1A,TUBB3,SEMA3G,TCP11,CXCR2,COL8A2,TRPA1,DUSP5,PAK1,CD38,ZIC5,OTOGL,KCNE2"
"GO:BP","cellular response to interleukin-8","GO:0098759","true","0.0009356536759841286","3.0288848718190042","3","174","3","20972","EGR1,CXCR1,CXCR2"
"GO:BP","response to interleukin-8","GO:0098758","false","0.0009356536759841286","3.0288848718190042","3","174","3","20972","EGR1,CXCR1,CXCR2"
"GO:BP","export from cell","GO:0140352","true","0.003543603124131796","2.4505549241019255","914","174","23","20972","VGF,CRH,KCNE5,RPH3A,ADCYAP1,ABCC2,SCN11A,ADORA2A,CARTPT,ARL4D,ATP12A,SCG2,SLC38A2,FAM3D,RFX6,CHRNB4,NKG7,KMO,PAK1,CD38,EXOC3L4,ABCB11,KCNE2"
"GO:BP","circulatory system process","GO:0003013","true","0.004046116439405394","2.392961623230169","595","174","18","20972","CRH,KCNE5,ABCC2,SCN11A,ADORA2A,HSPB7,CARTPT,MAS1,TJP3,CTSG,SLC38A2,SLC5A3,SERPINF2,ADRA1D,SLC6A9,RGS4,CD38,KCNE2"
"GO:BP","amine transport","GO:0015837","true","0.011446349657484275","1.9413329916098272","85","174","7","20972","CRH,ADORA2A,CARTPT,SLC38A2,AQP8,RGS4,KMO"
"GO:BP","epithelial cell differentiation","GO:0030855","true","0.024212923355622796","1.6159527726991219","745","174","19","20972","KLF15,PRKX,HES5,SFN,TFCP2L1,FOXJ1,KRT5,SPRED3,AKR1C2,TJP3,OVOL3,PLK4,KRT81,RFX6,CITED1,GMNC,ALOX15B,SPDEF,SLC39A2"
"GO:BP","transport","GO:0006810","false","0.03275273682752405","1.4847524043918678","4370","174","60","20972","VGF,CRH,SELE,KCNE5,KLF15,RPH3A,GABRR2,DNAH11,ADCYAP1,SFTPA1,SFN,ELANE,ABCC12,SLC16A6,ABCC2,SLC7A9,SCN11A,ADORA2A,CARTPT,IL33,AHSG,COLEC10,GCKR,ARL4D,PRTN3,ABCC11,ATP12A,SERPINA5,CHRNA5,SCG2,STON1,SLC38A2,SLC23A3,SLC5A3,FAM3D,RFX6,CITED1,GMNC,CHRNB4,AQP8,NKG7,CLEC4F,MCHR1,SLC4A9,CXCR1,ALOX12B,SLC6A9,RGS4,HSPA1A,RRAD,KMO,CXCR2,TRPA1,PAK1,CD38,SVOP,SLC39A2,EXOC3L4,ABCB11,KCNE2"
"GO:BP","anatomical structure development","GO:0048856","true","0.03549190394737354","1.4498707024935138","5948","174","75","20972","VGF,CRH,GNRH1,KLF15,PRKX,DNAH11,ADCYAP1,HES5,SFN,TFCP2L1,EGR1,SCN11A,ADAMTS2,CSF3,ADORA2A,F3,FOXJ1,HSPB7,DUSP4,CARTPT,LBX2,IL33,KRT5,AHSG,COLEC10,SPRED3,NEUROD6,AKR1C2,CCNA2,GADD45A,TJP3,PRTN3,HIF3A,SCG2,BAAT,IRX5,SLC38A2,OVOL3,PLK4,KRT81,FAM3D,NRN1,RFX6,FOXO4,LRRC46,PCDHGC5,CITED1,GMNC,ALOX15B,SERPINF2,ATOH7,DLX4,AQP8,SPDYA,PROK2,SPDEF,MSC,SMTN,ALOX12B,ETV7,ANGPTL4,RGS4,DNAJB1,HSPA1A,TUBB3,SEMA3G,HEATR9,TCP11,COL8A2,DUSP5,PAK1,CD38,SLC39A2,ZIC5,OTOGL"
"GO:CC","extracellular space","GO:0005615","true","0.00023011198423655","3.6380607626774193","3252","176","51","22155","VGF,MPO,CRH,GNRH1,SELE,ADCYAP1,SST,SFTPA1,SFN,ELANE,PCSK1,SCN11A,CSF3,F3,CARTPT,IL33,KRT5,AHSG,COLEC10,CTSG,PRTN3,ABCC11,KAZALD1,SERPINA5,SCG2,FKBP5,KRT81,FAM3D,SAA2,TNFRSF6B,CLEC18B,ALOX15B,SERPINF2,TAC1,OIT3,DLK1,PMEL,ANGPTL4,DNAJB1,HSPA1A,TUBB3,CDH16,FAM151A,SEMA3G,KMO,COL8A2,CD38,GBP6,TINAG,OTOGL,ABCB11"
"GO:CC","plasma membrane region","GO:0098590","true","0.0004306954997871826","3.3658296660312343","1303","176","28","22155","SELE,RPH3A,GABRR2,SLC16A6,ABCC2,SLC7A9,ADORA2A,FSCN3,PRTN3,ABCC11,ATP12A,TSHR,RDH12,CHRNA5,SLC5A3,PLK4,EPS8L3,CHRNB4,AQP8,MCHR1,SLC4A9,SLC6A9,CDH16,PAK1,CD38,SVOP,ABCB11,KCNE2"
"GO:CC","extracellular region","GO:0005576","false","0.0013043963968104892","2.8845904095344976","4249","176","59","22155","VGF,MPO,CRH,GNRH1,SELE,DNAH11,DHRS11,ADCYAP1,SST,SFTPA1,SFN,ELANE,PCSK1,SCN11A,ADAMTS2,CSF3,F3,CARTPT,IL33,KRT5,AHSG,COLEC10,CTSG,PRTN3,ABCC11,KAZALD1,SERPINA5,SCG2,FKBP5,KRT81,FAM3D,NRN1,SAA2,TNFRSF6B,GMNC,CLEC18B,ALOX15B,SERPINF2,PROK2,PRSS35,TAC1,CTRB1,OIT3,DLK1,PMEL,ANGPTL4,DNAJB1,HSPA1A,TUBB3,CDH16,FAM151A,SEMA3G,KMO,COL8A2,CD38,GBP6,TINAG,OTOGL,ABCB11"
"GO:CC","secretory granule","GO:0030141","true","0.010808551048817859","1.9662325219282695","906","176","20","22155","MPO,CRH,RPH3A,SST,SFTPA1,ELANE,PCSK1,CARTPT,AHSG,CTSG,PRTN3,SERPINA5,SCG2,CHRNB4,SERPINF2,CXCR1,SLC6A9,HSPA1A,TCP11,CXCR2"
"GO:CC","secretory vesicle","GO:0099503","false","0.015255725981646727","1.8165671205472318","1084","176","22","22155","MPO,CRH,RPH3A,SST,SFTPA1,ELANE,PCSK1,CARTPT,AHSG,CTSG,PRTN3,SERPINA5,SCG2,STON1,CHRNB4,SERPINF2,CXCR1,SLC6A9,HSPA1A,TCP11,CXCR2,SVOP"
"GO:CC","cell periphery","GO:0071944","true","0.032422493878857574","1.4891535830664326","6263","176","73","22155","SELE,KCNE5,RPH3A,GABRR2,SLC16A6,GPR3,ABCC2,SLC7A9,SCN11A,ADAMTS2,ADORA2A,F3,MAS1,AHSG,COLEC10,SPRED3,FSCN3,ARL4D,TJP3,CTSG,PRTN3,ABCC11,ATP12A,TSHR,RDH12,KAZALD1,SERPINA5,CHRNA5,CLDN9,MRGPRF,HIF3A,STON1,SLC38A2,OR7A5,SLC5A3,PLK4,NRN1,CD244,PCDHGC5,EPS8L3,CHRNB4,ALOX15B,AQP8,HHLA2,NKG7,CLEC4F,MCHR1,SLC4A9,CXCR1,PRMT8,ADRA1D,SLC6A9,PMEL,RGS4,HCRTR1,HSPA1A,TUBB3,RRAD,CDH16,SEMA3G,CXCR2,COL8A2,TRPA1,PAK1,CD38,GPR141,SVOP,TINAG,SLC39A2,EXOC3L4,OTOGL,ABCB11,KCNE2"
"GO:CC","basal plasma membrane","GO:0009925","false","0.03360871789201493","1.4735480547142075","290","176","10","22155","SLC16A6,ATP12A,TSHR,SLC5A3,AQP8,SLC4A9,SLC6A9,CDH16,CD38,SVOP"
"KEGG","Neuroactive ligand-receptor interaction","KEGG:04080","false","0.000021448791950086305","4.668597163348063","367","82","16","8716","VGF,CRH,GNRH1,GABRR2,ADCYAP1,SST,ADORA2A,MAS1,CTSG,TSHR,CHRNA5,CHRNB4,TAC1,MCHR1,ADRA1D,HCRTR1"
"REAC","GPCR downstream signalling","REAC:R-HSA-388396","false","0.02160549780011894","1.665435722902663","622","102","17","11056","CRH,GNRH1,PRKX,ADCYAP1,SST,ADORA2A,TSHR,PROK2,TAC1,MCHR1,CXCR1,ADRA1D,RGS4,HCRTR1,CXCR2,PAK1,PCP2"
"REAC","Signaling by NTRK1 (TRKA)","REAC:R-HSA-187037","false","0.031425660356118684","1.5027155875956968","111","102","7","11056","VGF,ADCYAP1,EGR1,ADORA2A,F3,DUSP4,RRAD"
"HPA","Hypothalamus; neuronal projections[≥Low]","HPA:0260141","false","0.0000010675790827777906","5.971599943992039","30","93","7","11007","VGF,GNRH1,ADCYAP1,SST,CARTPT,SCG2,HCRTR1"
"HPA","Hypothalamus","HPA:0260000","false","0.000009128667119541718","5.039592629353543","40","93","7","11007","VGF,GNRH1,ADCYAP1,SST,CARTPT,SCG2,HCRTR1"
"HPA","Hypothalamus; neuronal projections[≥Medium]","HPA:0260142","false","0.000031545839622726865","4.501057908940691","29","93","6","11007","VGF,GNRH1,SST,CARTPT,SCG2,HCRTR1"
"HPA","Hypothalamus; synapses[≥Low]","HPA:0260151","false","0.0008094381542399747","3.0918163282551214","13","93","4","11007","ADCYAP1,SST,CARTPT,HCRTR1"
"HPA","Hypothalamus; neuronal projections[High]","HPA:0260143","false","0.0026254295709881533","2.5807996274784153","17","93","4","11007","VGF,SST,CARTPT,SCG2"
"HPA","Hypothalamus; synapses[≥Medium]","HPA:0260152","false","0.016866904740748628","1.7729646078286552","10","93","3","11007","SST,CARTPT,HCRTR1"
"HPA","Adrenal gland; medullary cells[≥Medium]","HPA:0020062","false","0.03170543924804517","1.4988662257074004","31","93","4","11007","VGF,SST,CARTPT,SCG2"
