"","baseMean","log2FoldChange","lfcSE","stat","pvalue","padj"
"SGO1",10.7636607419948,2.52515117535302,0.435786146882655,5.79447326037415,6.85359418705028e-09,4.6849276772222e-05
"NAT16",21.1597782240675,-1.88051127161684,0.326728520758552,-5.7555773436948,8.63461766064083e-09,4.6849276772222e-05
"VGF",898.42012297733,-2.44209777109789,0.420803210791024,-5.80342000363363,6.49757598286262e-09,4.6849276772222e-05
"MPO",29.1794296849542,-2.0919799387004,0.369015174756677,-5.66908919146705,1.43558623664491e-08,5.19275468231741e-05
"CRH",14.1574230352329,-2.45704795692219,0.445309976135553,-5.51761264870981,3.43635812244271e-08,0.00010654182904482
"GNRH1",33.3450513425989,1.50549942611312,0.276773693739553,5.43945996374141,5.34423168146325e-08,0.000144982325228496
"SELE",34.0291448837844,-2.69138810672311,0.497193099748676,-5.41316463982218,6.19205075554204e-08,0.000149317863941699
"KCNE5",16.1745753251339,-1.30331143858761,0.24333801102749,-5.35597144516961,8.50979487074098e-08,0.00016789825279972
"KLF15",780.629470807793,1.21316911628375,0.228852036506593,5.30110692831346,1.15102645158895e-07,0.000178433764848821
"FAM86B3P",28.584853846144,-1.32919222173479,0.251956357466354,-5.27548594169642,1.32404761858065e-07,0.000178795158669753
"PRKX",294.87115522784,1.12580926480227,0.214818545431167,5.24074521844767,1.59929404152406e-07,0.000192830436573315
"FAM86HP",26.4724780108437,-1.2192215779091,0.237063308621452,-5.14302101408691,2.70355368455619e-07,0.000276631776518819
"VTRNA2-1",5.28298525630938,3.02568213462512,0.590598394345939,5.12307883595912,3.00586596113601e-07,0.000282456326384036
"RPH3A",2242.23273654387,-1.54726752560208,0.302446539151096,-5.11583809140264,3.1235091154296e-07,0.000282456326384036
"GABRR2",14.2614716955743,1.52524354252031,0.299580579788954,5.09126307050612,3.55686127907772e-07,0.000308778241359295
"PRR34-AS1",62.7606445235396,1.37553818378656,0.276823929546041,4.96900028130618,6.72989723958746e-07,0.000486863199302556
"LOC100506136",28.1603194949534,1.74203589251112,0.353523247975871,4.92764168264832,8.32280684141599e-07,0.000531264343762504
"DNAH11",69.7522292120848,1.10885379479647,0.225736792422434,4.91215358780064,9.00814440304409e-07,0.000548053627302901
"DHRS11",136.647796636232,-1.09532527031944,0.223870551161011,-4.89267241554996,9.94759041621182e-07,0.000583493391359581
"ADCYAP1",87.7542570197451,-1.97787891194843,0.409601484587737,-4.8287884355184,1.37366254908667e-06,0.000784542060600739
"BAALC-AS1",80.6158290899361,-1.49772160179844,0.313234070041406,-4.78147732014098,1.74011638057454e-06,0.000944143645190231
"LINC01546",8.41827782774528,2.00885332582377,0.420629711730513,4.77582365154174,1.78973185142749e-06,0.000947379277354411
"LOC101928238",24.789814929565,-1.04256351689629,0.220481677899981,-4.72857212819852,2.26104303455337e-06,0.00111525947679345
"HES5",108.818808458032,-1.97018104395612,0.419018649926547,-4.70189344627377,2.57760009349358e-06,0.00119024797508705
"SST",156.038507762497,-2.07019921212837,0.445533261563874,-4.6465648936327,3.37507994173881e-06,0.00140864153799149
"NEAT1",24615.061273027,1.37732178641941,0.296239520124043,4.64935193603705,3.32979619737324e-06,0.00140864153799149
"FAAHP1",18.1254449862069,1.59481047187982,0.34369890822837,4.64013831204883,3.4817606453658e-06,0.00142574813747875
"SFTPA1",14.2934335296969,-1.58182601835841,0.341274722519111,-4.63505180425377,3.56848101972759e-06,0.00143419895502126
"SFN",33.1746692066793,-3.16414244605617,0.684372340080744,-4.62342245696671,3.77459884270726e-06,0.00148945670333228
"ELANE",7.55772681032186,-2.35689475867104,0.511444388572473,-4.60831091577626,4.05953311899532e-06,0.00154995637114199
"C7orf61",58.0370046384553,1.67396754408294,0.364276127572267,4.59532595572256,4.32073308318823e-06,0.00159029780918674
"LYRM9",271.030500219941,-1.12332306951494,0.245236041774941,-4.58057902657653,4.63690360916134e-06,0.00167724531716047
"ABCC12",29.5388794242598,-1.68752611200526,0.371031378783323,-4.5482032208137,5.41058757807305e-06,0.00181837062934686
"MDH1B",37.5961122430097,-1.04210146017508,0.229217767455506,-4.54633805984243,5.45873339605264e-06,0.00181837062934686
"GJA9-MYCBP",16.4730165556843,1.15224412570702,0.253586719842754,4.5437873340588,5.52524025034558e-06,0.00181837062934686
"PCSK1",351.171624131456,-1.85461987804386,0.410060772491147,-4.52279272356855,6.10289984020571e-06,0.00189882946359136
"PPEF1",35.1474257498038,-1.64427889855997,0.36317940254675,-4.52745636737566,5.96979223602218e-06,0.00189882946359136
"LINC01219",8.51659269690809,-2.33690460029496,0.520237951600915,-4.49199177627018,7.05601488736493e-06,0.00206941474460109
"TFCP2L1",56.5542770464039,1.30887983080139,0.292304352887373,4.47779794543707,7.54169301526013e-06,0.00207565173265414
"SLC16A6",47.8292416868697,-1.28337506419778,0.286130540504189,-4.48527815987889,7.28188745678281e-06,0.00207565173265414
"EGR1",609.054489764522,-1.89713502233496,0.42547250898254,-4.45888978085025,8.23852692730754e-06,0.00218049695004092
"GPR3",33.3709536908837,-1.8304774226309,0.414243764885295,-4.41884121813581,9.92315155610186e-06,0.00250421114211719
"ABCC2",23.8685914281428,1.3455058735788,0.307435086101488,4.37655275668384,1.20571018314909e-05,0.00292581085167016
"SLC7A9",18.2890953843564,1.02263254959669,0.233991295824765,4.37038713765888,1.24026447197924e-05,0.00292581085167016
"LINC01257",10.0659260791359,-2.24391530480101,0.515265942882314,-4.35486826909015,1.3314696277274e-05,0.00299184615691483
"SCN11A",27.8950856969973,-1.08444830415669,0.248966190895199,-4.35580550217433,1.32578462387729e-05,0.00299184615691483
"ADAMTS2",174.765128143647,1.34162996340316,0.309939474691485,4.32868373652185,1.50003159757603e-05,0.00325551857621927
"CSF3",24.2622544080871,-2.46312046627642,0.571166124304057,-4.31244144473314,1.61461651656493e-05,0.00345524568694034
"ADORA2A",13.0415489442386,1.73241354375479,0.402406630561477,4.30513170555255,1.66886418087743e-05,0.00348263070361373
"F3",927.601134921814,-1.46087765187711,0.3419113389136,-4.27267974358193,1.93137754381615e-05,0.00384556759939834
"LINC00463",14.6914382240036,1.87956534405563,0.440740400216906,4.26456331920247,2.00293539298092e-05,0.0039161898048527
"P2RX6P",4.52228343320931,-1.83100496777884,0.432828457057002,-4.23032482713516,2.33354102117258e-05,0.00429193565953462
"FOXJ1",78.2774477873959,1.88857064486637,0.447051428520349,4.22450421670087,2.39467368380006e-05,0.00436736159323637
"KIF2B",6.56808783049112,-2.11289468683511,0.501368294727025,-4.21425668327412,2.50602152183203e-05,0.00449489132961327
"SPACA6P-AS",35.9836541758139,1.18192477906928,0.280413215477535,4.21493964561014,2.49844995497554e-05,0.00449489132961327
"HSPB7",33.6731875304192,1.11201439794167,0.264377214455376,4.20616580075727,2.5973970953468e-05,0.00462059911150096
"DUSP4",95.4909741997976,-1.4104774969354,0.336372021544074,-4.19320694527677,2.75038319762226e-05,0.00481081565012898
"LOC102724596",35.4918753563999,1.60399568303488,0.382386819299015,4.19469396454432,2.73240249589734e-05,0.00481081565012898
"CARTPT",102.885707006931,-2.470899386895,0.591662404321446,-4.17619806303018,2.96421747423025e-05,0.00509664969151532
"LBX2",14.5586894811976,1.52144305356464,0.364434555822901,4.1748045822087,2.98241953104385e-05,0.00509664969151532
"IL33",132.167986097761,-1.21896559707913,0.292704950258254,-4.1644857594777,3.12055102141162e-05,0.00521897676599542
"RPLP0P2",40.6611438123047,-1.5625580809175,0.37616910170708,-4.15387142066295,3.26896910138597e-05,0.00536379572259125
"LOC100129316",27.2369433286057,1.42822415664961,0.344483352447879,4.14598890338453,3.38350212974552e-05,0.00548001094939306
"KRT5",8.45061001510902,-2.08147634446518,0.504263536940143,-4.12775501694119,3.66322077833305e-05,0.00576107830088132
"FAM53B-AS1",47.803550992671,1.2367720726514,0.299972418653962,4.12295263078201,3.74046640722221e-05,0.00577372794994796
"LOC101928505",2.77257267299222,-2.31725669845577,0.563363069187733,-4.11325630875455,3.90116830114084e-05,0.00592260112589752
"LINC00638",38.3255362589522,1.32893994087062,0.324092720834035,4.10049302388115,4.12270864693643e-05,0.00617069970789388
"MAS1",29.503563937679,-2.05532484655798,0.502264855195632,-4.09211360360349,4.27459135883647e-05,0.00635420933293342
"AHSG",2.11276582963146,-2.62039060496386,0.641916183590208,-4.08213824787549,4.46232378473216e-05,0.00654363602027311
"COLEC10",9.01106367322264,-1.23774799017648,0.304163615865979,-4.06934927654811,4.71446267265603e-05,0.00677602538971217
"SPRED3",229.835958736123,-1.08414042773314,0.266592255111906,-4.06666137873383,4.76914630980004e-05,0.00677679458723742
"NEUROD6",148.971678631675,-1.71121375216837,0.420832777534097,-4.06625587055116,4.77744814932187e-05,0.00677679458723742
"SNORA38B",107.487535291437,1.03924627605639,0.255712529539224,4.06411949359321,4.8214122322555e-05,0.00679474738160007
"AKR1C2",45.816880081557,1.16099902430276,0.286060697854275,4.05857579531667,4.93729087332517e-05,0.00691316282734039
"FSCN3",3.20252869149925,2.20672887219391,0.544013373229123,4.05638717867418,4.98376189200206e-05,0.00693349899628978
"LINC01561",87.8173054366817,1.37938088999077,0.340297009738688,4.05346168351579,5.04652687356298e-05,0.00697610017432722
"CCNA2",47.6031214169646,1.13578458316466,0.280543973208867,4.04850822555031,5.15451229464469e-05,0.00703574719060841
"GCKR",19.2783068465892,-1.08239986361856,0.26728666918015,-4.04958416721123,5.13087221535728e-05,0.00703574719060841
"RFX8",12.245191397649,-1.27881657432253,0.316236628422804,-4.04385975369297,5.25783777876986e-05,0.00713129046080466
"ARL4D",77.8610686375888,-1.17012407661749,0.291658813326642,-4.01196200200889,6.02161940450502e-05,0.00786672207524663
"KLHDC7B",3.23455545982497,-2.15582939873249,0.537516229345719,-4.01072429265369,6.05327644365382e-05,0.00786672207524663
"ZNF341-AS1",4.25856599396348,1.77120684178783,0.443240960499905,3.99603601569267,6.44119389078037e-05,0.00808735726781647
"LINC01168",61.3291844405346,-1.62142864589927,0.405978543252362,-3.99387768848504,6.5001403977855e-05,0.008087613761647
"LOC101929054",9.24379734104104,1.29613596597158,0.325560007848787,3.98125056740259,6.85536356521119e-05,0.00827343348486731
"PRR34",50.4794500939392,1.54758848453615,0.389777728394703,3.97043846222277,7.17404844897694e-05,0.00860212008221804
"GADD45A",306.669393918782,-1.26353929604769,0.319331512429032,-3.95682620370422,7.59521476014844e-05,0.00895863836627725
"TJP3",51.5657627006854,1.03690675260993,0.262361987752069,3.95219887413645,7.74363421155588e-05,0.00903548888674179
"CTSG",1.78235687666559,-4.25420205734182,1.07809069607292,-3.94605210195978,7.94503323356623e-05,0.00922091209989775
"GTSE1-AS1",17.9583426650279,1.22366362035343,0.310947550400375,3.93527338864013,8.31020440521696e-05,0.00944274168620019
"PRTN3",12.9382675263645,-2.54099178504951,0.646982764171509,-3.92744896118425,8.58516318868528e-05,0.00965408272974284
"RBM3",539.003077756492,-1.12731692360249,0.289466378923907,-3.89446583673483,9.84153603237361e-05,0.0106435791990932
"ABCC11",24.9563898276872,-1.04598672193938,0.26965458164635,-3.87898739028725,0.000104892191416816,0.0111303447229189
"LOC101926941",12.2124901773047,-1.21313939631005,0.312683268874934,-3.87977073629506,0.000104554967272566,0.0111303447229189
"ATP12A",2.24468854543495,-2.48521032852157,0.641634971547928,-3.87324637640318,0.000107395161271525,0.0112057556974804
"TSHR",49.2873189963811,1.04297868872778,0.26946793876128,3.87051125088299,0.000108607344242762,0.0112427378748356
"RDH12",21.3232266624461,-1.01952464761998,0.263828527999919,-3.86434573754773,0.000111387357934962,0.011296447800292
"C6orf223",11.5199636645773,-1.69415563406822,0.438306512646888,-3.86523034722296,0.000110984405882944,0.011296447800292
"KAZALD1",24.6903519662081,-1.01898959964646,0.264448315542766,-3.8532656090285,0.00011655283595364,0.0116568949248934
"SERPINA5",44.9041635317246,2.30976479755169,0.600489907592311,3.84646730669094,0.000119833112052388,0.0118755161227076
"CHRNA5",7.59246824470159,1.44014102861019,0.374678517205548,3.84367120738907,0.000121207371442268,0.0119326829862111
"CLDN9",54.1731480831023,1.23206775337413,0.320595478793792,3.84306028896498,0.000121509604200002,0.0119326829862111
"HSPB3",13.0034081908011,-1.71846356714952,0.447332944874222,-3.84157613884823,0.000122246803396991,0.0119510016852473
"LOC105378385",9.47363070724882,-1.24325468900967,0.324115219041315,-3.83584175000186,0.000125134966643631,0.0121241258083336
"ATAD3C",65.2333684380906,1.23156321750113,0.322665160497413,3.81684596999124,0.000135168493664085,0.0126994018094876
"LOC102723493",7.03155813359265,-1.77744990361462,0.465918350947367,-3.814938604587,0.000136216795890424,0.0127427289707322
"CYP4B1",7.924380326756,1.73729042767768,0.456342690348148,3.80698642582023,0.000140670463159945,0.0128967363410352
"LOC105376772",1.74958694562443,3.09612379750662,0.813081092959166,3.80789053431121,0.000140157286649148,0.0128967363410352
"MRGPRF",54.4389061198727,1.36640109147722,0.358642323194505,3.80992705854229,0.000139007797417534,0.0128967363410352
"CENPH",13.4352183668694,-1.03444367738608,0.272166077845306,-3.8007810729963,0.00014424070032342,0.0130694373252582
"LBX2-AS1",8.87961526977694,1.33084483992081,0.350794971398985,3.79379679991803,0.000148361101312012,0.0131617371011658
"HIF3A",1095.26384602513,1.13500601582167,0.299326605393245,3.79186479040358,0.000149520317351064,0.0131617371011658
"UCKL1-AS1",151.271903005072,1.56175363214056,0.411868504905243,3.79187438112041,0.000149514541866951,0.0131617371011658
"C16orf71",66.719444646672,1.03451813783747,0.273695508977524,3.77981407770348,0.000156945507477955,0.0135166204317224
"SCG2",685.455899703757,-1.00506737801169,0.26616623345096,-3.77608896883936,0.000159310107351803,0.0136122333065204
"BEX5",188.888489568841,-1.20077872990634,0.319427185953636,-3.75916259701397,0.000170483019427223,0.014230742194727
"STON1",45.8886547656382,1.42708949006495,0.380114795988296,3.75436448443036,0.000173781833340091,0.0144505253983907
"LINC00898",25.4818614964273,-2.28070915678268,0.607988334146132,-3.75123835227159,0.000175963319827701,0.0145760760695442
"BAAT",21.322672364634,-1.44347104860522,0.385817323063214,-3.74133291150515,0.000183046856939406,0.0149740843578812
"IRX5",1.91481473514969,3.95335481854766,1.05942603222818,3.73160060097163,0.000190266998074844,0.0154080770866356
"SLC38A2",1878.98055400933,1.06899165921719,0.286793065169314,3.72739716905668,0.000193467455604589,0.0154938161955218
"HILS1",21.9198932893827,1.02176920662851,0.274902006561547,3.71684884882696,0.000201723043563839,0.0158354138504485
"SOWAHB",146.314077811694,-1.50009543649666,0.404537680218299,-3.70817234055224,0.000208760562888341,0.016071578659009
"C6orf118",21.2909668092769,1.1789336820516,0.31793547457944,3.70809103202806,0.000208827589818944,0.016071578659009
"OVOL3",22.9448690303449,1.39740384942438,0.377285856794634,3.70383311289886,0.000212365997004073,0.0162159285965271
"FKBP5",1285.64162664469,1.04521792104606,0.283384649517684,3.68833641068775,0.000225725080530938,0.0167198342073821
"GAS2L3",28.8833875036887,1.0218202722454,0.277380006246018,3.68382813914537,0.000229757179785348,0.0168460137597345
"OR7A5",27.7085248832123,2.48694867352255,0.676014308046062,3.67884029068967,0.000234296924511081,0.0170635776935033
"CCDC184",281.34415153507,-1.23730859119401,0.336848390175889,-3.67319134447379,0.000239539974749306,0.0172214289454754
"LOC100506274",7.32825352434805,-1.87149329101716,0.509515177226975,-3.67308644504511,0.000239638369881287,0.0172214289454754
"SLC23A3",12.6115785976592,1.56438525896937,0.42654654171484,3.66756052617398,0.000244875596538588,0.0173802597960014
"SLC5A3",1359.10080671269,1.16487738525644,0.317429080362233,3.66972485295657,0.000242811678525698,0.0173802597960014
"PLK4",21.6875044004458,-1.20209614185716,0.328013973780863,-3.66477113155017,0.000247559860629528,0.0174589762762315
"LINC01338",15.846432817348,1.54696197946165,0.422361712056974,3.66264728857094,0.000249622137907458,0.0175325218738044
"SH2D6",36.7770439623124,1.34591958401172,0.367904389757251,3.65834064904682,0.000253853497540955,0.0176018608854037
"EPHA1-AS1",8.48411999911078,-1.89793970553372,0.520510999020679,-3.64630086415969,0.00026604246909254,0.0180771225190365
"C21orf62",65.6620747028547,1.09241295123459,0.299723158312402,3.64473989058919,0.000267662370800673,0.0180968113192741
"LOC102725079",4.5558902097422,1.53547592492821,0.421562645842843,3.64234340985855,0.000270167324583246,0.0181530694904959
"HECTD2-AS1",5.87590786070961,-1.64146579531751,0.451052227769049,-3.63919230248872,0.000273494513047746,0.0183199117798618
"THRSP",14.2616837319014,1.39219766073667,0.382779632194246,3.63707351082405,0.000275753251947467,0.0184143779292796
"LINC01107",20.9610354673226,-1.63423902432355,0.450197973728481,-3.63004526828274,0.000283371518088692,0.0186930457661972
"KRT81",6.20614789849361,-1.5770753190807,0.436224808127942,-3.61528113416729,0.000300021856982702,0.0192644211896319
"LOC101926975",6.83230160084922,-1.23302535022965,0.341427318258205,-3.61138457379433,0.00030456663372563,0.0193685955905073
"SDS",107.87300516138,-1.16325607094072,0.322530105399335,-3.60665888692917,0.000310164968037633,0.0193990543122017
"LRIT1",2.04649333487209,2.57833343766238,0.714701804489656,3.60756531110688,0.000309083750673986,0.0193990543122017
"FAM3D",1.61725956927307,-2.92279175341644,0.810371880523688,-3.60672898907553,0.000310081221338239,0.0193990543122017
"NRN1",810.277323004758,-1.19073999507024,0.331378014834865,-3.59329811201753,0.000326518656253753,0.0196604537547888
"LOC101929719",7.49326997617406,-1.96029102783109,0.545087537030363,-3.59628664142783,0.000322792103253842,0.0196604537547888
"HIGD1C",4.72118266483945,1.45823350319691,0.406109664826805,3.59073824017166,0.000329742669987702,0.0196604537547888
"C20orf173",14.460203993193,1.18793841830205,0.331280070255169,3.58590366570205,0.00033591295466688,0.0199189039757795
"VTRNA1-1",16.7715225872844,1.45828138195163,0.407834759842236,3.57566722001758,0.000349335795628272,0.020433802075298
"RFX6",1.68320455815021,-2.67763537564618,0.749093769804322,-3.57449959348297,0.000350898357966788,0.020433802075298
"SAA2",1.94819510200167,-2.85929887946516,0.800285741330075,-3.57284746159916,0.00035312047537563,0.0204913734681211
"TNFRSF6B",5.64515292026451,1.30877882384186,0.366751778632802,3.56856844354184,0.000358937092290842,0.0206537599257718
"SNORA55",7.95650837474336,1.10126893284862,0.308820204311565,3.56605208297047,0.000362399379461812,0.0207523845183634
"FOXO4",1406.35685919195,1.09645925548705,0.308239072861578,3.55717153347214,0.000374869387726186,0.0212422723807348
"LOC284933",54.8045303537133,1.54002370952534,0.434102136792324,3.54760683949846,0.000388748047034204,0.0216889430971294
"CD244",6.99755181872587,-1.41314738213709,0.398267958793175,-3.54823266832509,0.00038782546737912,0.0216889430971294
"LRRC46",37.0751048427918,1.12872549637581,0.318505843267536,3.54381409394649,0.000394383230370551,0.021946921150595
"SLC25A30-AS1",4.58875401927142,1.35736316168608,0.383993403353292,3.53486062477288,0.000407990293839552,0.0223526727669239
"C2orf48",3.23434870069963,-2.18858825261247,0.619584809802695,-3.53234652945966,0.000411889226557901,0.0223688603167204
"PCDHGC5",680.045088759631,-1.00817296840825,0.28549362923121,-3.53133262946393,0.000413471437638759,0.0223779815737506
"INHBA-AS1",35.7779383792263,-1.22493808362627,0.346950713835152,-3.53058239911356,0.000414645839220402,0.0223857180313443
"EPS8L3",13.1070695242612,1.4544388835577,0.413507312475787,3.51732324840777,0.00043592256409892,0.0230190447898756
"CITED1",42.1851356226234,-1.16157981106796,0.33021579563723,-3.51763854550451,0.000435404994813117,0.0230190447898756
"GMNC",5.08354606367274,1.57166072962839,0.44709326161731,3.51528610371601,0.000439280464071711,0.0230840288420057
"CHRNB4",2.60783659134938,-2.87770970228682,0.818533109199809,-3.51569126519518,0.000438610704124528,0.0230840288420057
"HIST2H2BC",8.91451758885529,1.48586314868179,0.422873112701362,3.51373285284072,0.000441856950714432,0.0231633293768855
"LOC100507616",3.89552089280916,2.21295520879849,0.633147709871461,3.4951641999112,0.000473770194329845,0.0242020497091605
"LOC102724484",33.344754180986,1.99699169234415,0.571783065466995,3.49256879567278,0.000478398347013308,0.0242020497091605
"CLEC18B",21.0292168722055,1.64583329562285,0.470797148665664,3.49584380510265,0.000472565233842022,0.0242020497091605
"LOC101927870",3.69768627897898,2.3222686956983,0.667433376365897,3.4794015072228,0.000502535055511245,0.0253051468903957
"DUSP27",24.3588607281273,-1.02279453627935,0.294288666701424,-3.47548054685043,0.000509938975591419,0.0254418519247369
"ALOX15B",38.7223816047197,1.34560502218594,0.387784524512827,3.46998123217119,0.000520494732905549,0.0257698010524382
"SERPINF2",41.6999703873123,1.10683880356145,0.319124127521458,3.46836452686275,0.00052363646795951,0.0257698010524382
"ATOH7",20.5959143883991,-1.32087564500644,0.380954732955448,-3.4672771611448,0.00052575947131885,0.0258157416426086
"DLX4",3.73038405380009,-2.58477679478888,0.746409163156363,-3.46294890574301,0.000534289842728595,0.0258849898451444
"AQP8",5.61176119233794,-1.54725454461311,0.447403291774553,-3.45829942036452,0.000543596877636976,0.0262170734119006
"MIR6717",22.8110909419994,1.44226090920678,0.417802039811865,3.45201978874069,0.000556406918067284,0.026775386569433
"SNORA25",21.988407789059,1.06607783990768,0.310189327250018,3.43686176877519,0.000588495862324588,0.027339670443984
"LOC101929705",9.67097154320792,-1.32311002661644,0.385931062940966,-3.4283584651978,0.000607243074334045,0.0278037899625987
"SNORD104",29.645060195662,1.04938840806093,0.306170435381363,3.42746485876018,0.000609245151602436,0.0278367316320582
"HHLA2",5.18265370149991,-1.15316496814742,0.338535982947663,-3.40632909419763,0.000658427596530882,0.029166853170274
"SPDYA",15.6809611980488,1.00899206251779,0.296214137810274,3.40629272450207,0.000658515322924676,0.029166853170274
"SLC35G6",16.3747552671138,1.18685211696309,0.349240423091374,3.39838128260589,0.000677858756612882,0.0298243063900793
"PROK2",5.87621804980913,1.59857558550204,0.470622188020606,3.39672804681289,0.000681967062420871,0.0299004669812529
"LOC339666",12.7759512726027,1.01385533929489,0.29941032534668,3.38617360012875,0.000708745328310645,0.030341438491042
"NKG7",7.49253671805596,-1.57347809196013,0.464680286215281,-3.38615202460118,0.000708801055842893,0.030341438491042
"SPDEF",21.0925141056359,-1.19750150339761,0.353474712713306,-3.38779963694,0.000704557126193269,0.030341438491042
"PRSS35",37.0670657063526,-1.2993942811123,0.384490851370612,-3.37951937342666,0.000726126895099172,0.0307375972619421
"C9orf106",9.17569392372539,-1.22962805477258,0.364786726868702,-3.37081358559179,0.000749465536899469,0.0312631839518762
"CLEC4F",3.2357979532284,-2.61377938598721,0.775628175350017,-3.36988710448494,0.000751989857474334,0.0312652028290526
"MSC",35.8448131842688,-1.27731548069142,0.379828835727716,-3.36287127396266,0.000771363234267731,0.0318005308056834
"TAC1",29.6385697783851,-1.37650630627115,0.410157202529325,-3.35604567659088,0.00079065509212071,0.0322948687348882
"ITPKB-IT1",41.860015146112,1.17320154528102,0.349614251482314,3.35570286481977,0.000791635726257224,0.0322948687348882
"LINC01068",2.93809822659609,1.99092493222483,0.594984603869631,3.3461789082883,0.00081933512028172,0.0329296853990262
"MCHR1",101.483879142803,-1.34082709103693,0.40186433945205,-3.33651672817044,0.000848353231268107,0.0337973142179591
"ZBBX",98.0925280921237,-1.24118152258786,0.371961539482255,-3.33685446166155,0.000847323054494382,0.0337973142179591
"CTRB1",3.5984087108958,1.90728556816139,0.573152967936465,3.32770774096875,0.000875636757706956,0.0345080086507583
"SLC4A9",51.1025082761818,1.18088890227299,0.355180443796557,3.32475766303561,0.000884954190783533,0.0346056951397748
"PNMA3",755.892208278288,-1.19737304898271,0.361336222992515,-3.31373655003725,0.000920582009007214,0.0356138883092399
"SMTN",470.134050664457,1.02158935331141,0.308572629396332,3.3106933538142,0.000930651318988808,0.0358119247801669
"LINC01265",1.25472905129793,-3.04330837512071,0.919762047420747,-3.30879968754412,0.000936968475410213,0.0359181234294568
"CXCR1",14.4595756921163,1.56342791981137,0.472825961922475,3.30656107260816,0.000944487591547612,0.0359202131823787
"OIT3",2.2779422623616,1.99356418554101,0.603383681166855,3.3039743164511,0.000953245648479313,0.036105218689261
"ANKRD18DP",15.5455268080593,-1.08124118778179,0.327579973389765,-3.30069380186222,0.000964460776082389,0.0361859477190344
"DHDH",18.3212268732655,-1.38309518586456,0.419472894125717,-3.29722183538763,0.000976463440820376,0.0363918250222751
"DLK1",3.03676049139006,-2.60513469899659,0.790343357637739,-3.29620622963555,0.000980000472542843,0.0363935683580139
"LOC108783645",5.71173708872139,1.51080207186258,0.459720253080883,3.28635090957537,0.0010149448584402,0.0367401633211977
"ALOX12B",22.3137223842628,-1.29040323336418,0.392883648212126,-3.28444118057942,0.00102184825242946,0.0368391571801936
"PRMT8",196.648811326897,-1.21561791667168,0.370314085799253,-3.28266723651087,0.00102829971231241,0.0370102631116354
"FOXD2-AS1",9.6399151252429,1.17804687926539,0.359606393977728,3.27593418524797,0.00105313099352039,0.0377163398554012
"ABHD11-AS1",7.39449391136663,1.11364764157543,0.340032595255047,3.27512025939783,0.00105617002506098,0.0377605705533423
"ADRA1D",37.0349501379858,-1.42527599880155,0.435242318568321,-3.27467237903205,0.00105784577691711,0.0377605705533423
"SLC6A9",528.06878967951,1.06921648188885,0.327148397183998,3.26829197725671,0.00108198682502681,0.0382594370295708
"ETV7",10.3007683069938,-1.27254529934514,0.390301512924526,-3.26041600456522,0.00111248912493946,0.0386928709592325
"PMEL",11.4876967890424,1.15234114642636,0.353534145373951,3.25949038163617,0.00111612564984042,0.0387572399655788
"ANGPTL4",818.404583329154,-1.16237538582692,0.356805241814494,-3.25773068779983,0.00112306934235848,0.0389177580023682
"SNORA26",61.2719498843134,1.01367527083845,0.311190461776182,3.25741112067731,0.00112433462044348,0.0389177580023682
"RGS4",1936.98140684315,-1.5081858940231,0.466287785412051,-3.23445293058737,0.00121876007865618,0.0409454334165247
"SERTAD4-AS1",20.8296224658082,1.21266653563529,0.37632647099633,3.22237904876778,0.0012713082790261,0.0421883846784458
"DNAJB1",1674.37318369268,1.11439380077074,0.345977373852553,3.22100196426622,0.00127743272556796,0.0421980554687999
"MIR1914",7.46083550795045,1.17778887273927,0.366075570445715,3.21733807941691,0.00129386036696982,0.0423746390704919
"HCRTR1",7.95521106304923,-1.21137659270204,0.376733706719087,-3.21547175391266,0.00130230310371921,0.0423746390704919
"HSPA1A",1371.56649336292,1.58626594948176,0.493304467214648,3.21559210367244,0.00130175714503242,0.0423746390704919
"TUBB3",1524.37236608985,-1.00424745436917,0.31224402747444,-3.21622630380456,0.0012988836261476,0.0423746390704919
"RRAD",37.2068160100849,1.29480789058589,0.402852399934096,3.21409998003665,0.00130854101424907,0.042453163290129
"LOC101928269",4.09369294842023,1.30423010978304,0.406595620504425,3.2076836149022,0.00133808613488105,0.043055552516673
"LMNTD1",13.6337135394859,1.19979070087678,0.374111570400908,3.2070398132596,0.00134108434323692,0.043055552516673
"CDH16",2.44255456924592,-2.79342214446514,0.871408548943934,-3.20564005006665,0.00134762449178986,0.043137897264477
"OR7E47P",3.06948440312849,-2.2629284759785,0.706796098151013,-3.20167086646113,0.00136633015441379,0.0434164909827854
"FAM151A",47.0087375035175,1.08053499563414,0.338172824314131,3.19521533945147,0.00139726544048872,0.0442053234036831
"LINC01336",19.3081673429058,-1.06120196825423,0.332573841075364,-3.19087624216887,0.00141842023892334,0.044514412014575
"SEMA3G",236.029231778702,-1.06306026781865,0.333085873474305,-3.19155014510291,0.00141511544511592,0.044514412014575
"ADORA2A-AS1",44.5056641626158,1.27318452433903,0.400579631984281,3.1783556194115,0.00148112964355918,0.0450438556357153
"HEATR9",36.7428913595693,1.23382227734024,0.387747863557342,3.18202211617802,0.00146250650045127,0.0450438556357153
"KMO",19.2433010511255,-1.10168373554007,0.346845559430951,-3.17629476746809,0.00149169296020757,0.0450438556357153
"LOC101929151",3.39989744805025,1.65900335022858,0.522201598270224,3.17694039184096,0.00148837623786166,0.0450438556357153
"C3orf80",269.283203538893,-1.20418946373394,0.378614906166634,-3.18051255806595,0.00147014767114938,0.0450438556357153
"TSPAN10",8.45081611465787,1.43550853850593,0.452149659192239,3.17485263854992,0.00149912611952358,0.0450438556357153
"NLRP14",10.7952032376087,-1.02183371926283,0.320923191113761,-3.18404449275405,0.00145232687399563,0.0450438556357153
"TCP11",4.12678982813319,-1.43269246873553,0.450699576068808,-3.17881920642588,0.001478762949999,0.0450438556357153
"CXCR2",15.5825032679279,1.41266045189582,0.445397336291598,3.17168590108264,0.00151556831054264,0.0453687986809749
"COL8A2",86.5304535376886,1.02744854558134,0.324106151275293,3.17009887513254,0.00152387073355298,0.0454417600025005
"TRPA1",15.909912364532,-1.06116016862368,0.33499301008094,-3.1677083899968,0.0015364555028143,0.0454417600025005
"DUSP5",111.333116192797,-1.11702697682588,0.352404099997907,-3.16973320353685,0.00152578964966305,0.0454417600025005
"PAK1",2316.13334386157,-1.02867904487436,0.324564284859381,-3.16941540662749,0.00152745914364657,0.0454417600025005
"CD38",121.019784305814,-1.38317213512792,0.436961030648057,-3.16543590415039,0.00154850774367626,0.045538297508138
"GPR141",11.5537924363652,1.23124521040369,0.389042088275475,3.16481236223435,0.00155182991769666,0.0455742418183636
"TSACC",9.60692099237164,1.1157165323057,0.352696483019589,3.1633900138543,0.00155943263570668,0.0457356303955973
"THCAT155",65.222137184799,-1.08672207495281,0.343701692947969,-3.16181763794025,0.0015678771849257,0.0458593511380626
"SVOP",1261.04647067855,-1.01785490777815,0.322078784185749,-3.16026685940024,0.00157624696716342,0.0460421102669551
"GBP6",7.22958934958683,-1.3365840603131,0.423054655117356,-3.15936497600371,0.00158113346508052,0.0460608585136142
"UHRF1",115.088244977619,1.22167427419801,0.387222005432548,3.154971197552,0.00160513950657957,0.0464214015100826
"TINAG",6.56830654018241,-1.01499545400891,0.321720396956674,-3.15489929643971,0.00160553512392967,0.0464214015100826
"LOC149684",10.5640547602091,1.4153548755458,0.449457864219417,3.14902683481548,0.00163815151918971,0.0466601414419338
"PCP2",19.6766475629439,1.24697573161544,0.395996109271325,3.14895955394616,0.00163852871362405,0.0466601414419338
"LINC00926",31.1972966227192,1.22075496415428,0.38775263327583,3.14828284682696,0.00164232696064234,0.0466601414419338
"MIR6847",1.71669998390514,2.36953679497988,0.752653847236507,3.14824245392491,0.00164255393547608,0.0466601414419338
"OVCH2",8.15346800098649,1.11559851103168,0.354249605022669,3.14918773433859,0.00163724979771935,0.0466601414419338
"SLC39A2",2.21189023300095,-2.11053721182133,0.670292198259391,-3.14868234674663,0.00164008365403899,0.0466601414419338
"ZIC5",98.3457397159451,1.06906320559343,0.339473841022522,3.14917698039214,0.00163731005129787,0.0466601414419338
"LINC01310",58.7617140831929,-1.21221196357772,0.385145357084005,-3.14741419383985,0.00164721444387717,0.0466728750305215
"EXOC3L4",1.94711223336474,-2.13731747013654,0.680022468129873,-3.14301007732048,0.00167220082946763,0.0470677231369799
"MIR655",1.88158927498747,-1.96316247990856,0.624683520644517,-3.14265130266774,0.00167425159018331,0.0470677231369799
"C17orf102",39.641401831212,-1.12635164025416,0.359745787139501,-3.1309654776232,0.00174232640759949,0.0482933716783291
"OTOGL",137.425490250845,-1.19137501889341,0.380828525443759,-3.12837652459242,0.00175774847842227,0.0485967072957944
"ABCB11",2.14532823642809,-2.08888130949782,0.668940348185459,-3.12267202174908,0.00179217339634427,0.0492955240236714
"LINC01478",2.11186268091872,-2.7773017607326,0.889502375255786,-3.12230954968946,0.00179438160524814,0.0492955240236714
"KCNE2",5.11614993342849,-1.26295610039802,0.404781824330272,-3.1200909341412,0.00180795217716474,0.0495429117436949
