"","logFC","AveExpr","t","P.Value","adj.P.Val","B"
"SGO1",2.09600855712636,3.16868219488941,8.72446928792167,2.26461676810127e-08,0.000614390529185875,8.95873420608692
"KLF15",1.18404112974148,9.49343103138527,8.19159550399511,6.30145218006268e-08,0.000662163573868525,8.07771062740436
"RPH3A",-1.62713487822442,10.7428716179661,-8.07522390217365,7.91877788243215e-08,0.000662163573868525,7.87927320830048
"VGF",-2.32693869770714,9.15965153284218,-7.57315862153372,2.16627625753809e-07,0.00117542149734017,6.99803777873028
"DHRS11",-1.10575630747102,6.93720422041509,-7.04779780552389,6.43852523992564e-07,0.00249538842513118,6.03213029806003
"CRH",-2.22810228451518,3.25643341483392,-6.47478576848794,2.20265496886708e-06,0.00398899077615396,4.9282974924502
"KCNE5",-1.21669784241284,3.98427105318471,-6.1332880250259,4.6774621324742e-06,0.00604283560257262,4.24645036180509
"LRIT1",1.61639730613091,1.3529050201532,6.10578277968911,4.97307845696664e-06,0.00612150912971857,4.19078653255052
"NEUROD6",-1.84931135108602,6.77233580137823,-6.01054412213818,6.15299575588302e-06,0.00612150912971857,3.99721383046644
"GNRH1",1.45427042812927,4.99594642228761,5.9998816712555,6.30183928350712e-06,0.00612150912971857,3.9754627201043
"PRKX",1.0597453490272,8.1822131369871,5.95906411168606,6.90653267485786e-06,0.00612150912971857,3.89204949722009
"ABCC12",-1.69316149109756,4.62291204796154,-5.95577830484166,6.95772198653059e-06,0.00612150912971857,3.88532468897141
"SLC38A2",1.1028159629582,10.6730445034523,5.86758775731453,8.48683504121099e-06,0.00627182293293755,3.70427846066815
"FAM86HP",-1.13519969067156,4.49902916935885,-5.76401896464141,1.07290519068181e-05,0.00709949215199942,3.49032477949501
"NAT16",-1.63388823032875,4.07486975635933,-5.73385959384609,1.14896828357544e-05,0.00742178798414328,3.42775564918873
"IL3",-1.24066522696486,0.652018622731051,-5.59987506227822,1.55947377294792e-05,0.00900181350214407,3.14838462556235
"GTSE1-AS1",1.16431747983429,3.87812683420475,5.57041568403468,1.66824377610599e-05,0.00920753611461118,3.08665877078586
"LOC101928505",-1.72856252489579,1.60530367642258,-5.56297280320327,1.69692888216203e-05,0.00920753611461118,3.07104706575372
"LOC105376772",1.7362925182139,1.22561896887095,5.50507109140511,1.93797546010663e-05,0.00956077662796463,2.94936879170749
"FAM53B-AS1",1.19786128501438,5.45244716203235,5.48493354343392,2.02976129754922e-05,0.00979816016735783,2.90695723772627
"MPO",-2.039386515662,4.43001021161408,-5.47879998091584,2.05858875613489e-05,0.00979816016735783,2.8940299444905
"BEX5",-1.19829147505357,7.27183486372397,-5.46792773981443,2.11071699837336e-05,0.00987306071825331,2.8711044936873
"THCAT155",-1.11929798941325,5.90218275636974,-5.44378000450103,2.23136017243437e-05,0.0101651972423294,2.82013712168512
"LOC102724596",1.45916735493694,4.741295877245,5.43320705501817,2.28637227303494e-05,0.0101687343881046,2.79780026950572
"PPEF1",-1.53593351076263,4.67917937363304,-5.35892635536991,2.71387888321002e-05,0.0111548425053356,2.64051658867171
"AHSG",-1.50586526445595,1.33504092022258,-5.35721208860445,2.72465290814266e-05,0.0111548425053356,2.6368795312548
"SAA2",-1.36334859162492,0.970989755134784,-5.3253724422341,2.93286784982005e-05,0.0112050713303784,2.56926914708051
"MMP10",1.06873856269455,0.5829483069243,5.26856859740591,3.3454138509423e-05,0.0112050713303784,2.44837908200709
"LBX2",1.35793311235538,3.83269956973371,5.24139175146557,3.56320263028816e-05,0.0112591923156853,2.39042215553097
"NRN1",-1.21749265731606,9.35919310510805,-5.23181653419203,3.64332437190318e-05,0.0112591923156853,2.36998419387013
"SH2D6",1.28204903780309,4.99725050214286,5.22444853834283,3.7062216534015e-05,0.0112591923156853,2.35425114510891
"PCSK1",-1.8873553863753,7.84667084163607,-5.20634624179815,3.86548030237672e-05,0.0113479611141391,2.3155737325177
"PNMA3",-1.30360792054551,9.34576105148476,-5.1669804920263,4.23624057442295e-05,0.0118771022911512,2.23135280167532
"CLEC2L",-1.02196483682055,7.24974236205063,-5.15359713938335,4.37035581978074e-05,0.0119765407465305,2.20268547864213
"LINC00638",1.3047147184701,5.08241823925668,5.13669005918533,4.54596618116666e-05,0.0122110952965398,2.16644579261589
"VTRNA2-1",2.16960512170771,2.17767415972269,5.1306407404312,4.61052518378641e-05,0.012263092964326,2.15347272742039
"C21orf62",1.15607432388414,5.91817380375499,5.10656067872346,4.87687227456772e-05,0.0124873262637897,2.10179788278229
"ABCC2",1.42320339884941,4.48822307700876,5.07833319425396,5.20905720139136e-05,0.0128067841758441,2.04115481410879
"CHRNA5",1.31607652383206,2.97537891611633,5.07751678237186,5.21899924874612e-05,0.0128067841758441,2.0393997832257
"GJA9-MYCBP",1.08469352352833,4.15427436498445,5.06388486500961,5.38787857740262e-05,0.0130511737325833,2.0100865795616
"SPACA6P-AS",1.11800588553948,5.23036834257103,5.05325708968869,5.5233785748329e-05,0.0131553207852919,1.98722181116195
"NEAT1",1.39560719310568,14.4850861994802,5.03154218425237,5.81107946634229e-05,0.0137090944279884,1.94047316213043
"MDH1B",-1.05118649785729,5.07158182220749,-5.02383396063162,5.91682125853815e-05,0.0137368126761763,1.92386877198434
"FAM86B3P",-1.31335708479469,4.53709481632121,-5.02330884475199,5.92409540402738e-05,0.0137368126761763,1.92273742677411
"MIR6847",1.23954585454245,1.15583255309684,5.00015824232877,6.25396334299132e-05,0.0140223161566409,1.87283686523289
"LOC101928238",-1.05556064727644,4.3181268818714,-4.99368735470459,6.3494524106687e-05,0.0141197249099543,1.8588809414583
"LOC101929054",1.19510179034263,3.25996718156881,4.97235553121237,6.67483152921289e-05,0.0143720777291703,1.81284947288624
"ABCC11",-1.04206578999176,4.49873099624911,-4.95397423013433,6.96873198605149e-05,0.0145733473324709,1.77315506462792
"BAALC-AS1",-1.34555866667991,6.04215877884672,-4.93454607147398,7.29363914203824e-05,0.01461620891798,1.73117058296935
"KIF2B",-1.92590799433293,2.47129465040572,-4.92884637960962,7.39183795305577e-05,0.01461620891798,1.71884784022629
"ADCYAP1",-1.86702112619759,5.89264727552533,-4.92638198534013,7.43471002831273e-05,0.01461620891798,1.71351903146563
"PRMT8",-1.23002040992314,7.357516447032,-4.91270833528705,7.67720038568447e-05,0.0147718047137319,1.68394369129943
"SOWAHB",-1.62439101190541,6.77263214495088,-4.88487846107312,8.19576400200285e-05,0.0151595609188185,1.62370529606475
"HSPB3",-1.7829777023429,3.27821771274303,-4.88393304675886,8.21398988229382e-05,0.0151595609188185,1.62165790745567
"SLC6A9",1.00596079320419,8.67462711030226,4.85699066773401,8.75099308416555e-05,0.015722810753206,1.56328401962669
"LINC00898",-2.8210078219387,3.92497542518269,-4.81087725197517,9.75387129304437e-05,0.0171782582671616,1.46325430557198
"PRR34-AS1",1.21281045016956,5.88185023135197,4.80728689067031,9.83667029908683e-05,0.0171782582671616,1.45545993627808
"C6orf223",-1.70212128360964,3.36813533458965,-4.79571164033578,0.000101084818757478,0.0171782582671616,1.43032519974941
"LINC01546",1.5309454511455,2.93304234451778,4.79083225907371,0.000102253230863007,0.0171782582671616,1.41972736001773
"LOC102725079",1.27678962823926,2.25900401721015,4.78936125910977,0.000102608145837791,0.0171782582671616,1.41653209548603
"C7orf61",1.6745456172272,5.6396821651505,4.76620140259612,0.000108363017394709,0.0177101726621593,1.36620650570274
"SERPINA5",2.73047504547697,4.16531254768313,4.74072755152811,0.000115070385705907,0.0184725418000074,1.31081371394301
"SLC16A6",-1.28903030511121,5.20187114293993,-4.73268021029572,0.000117275267733249,0.0186063041731173,1.29330656493682
"SLC25A30-AS1",1.22784664684223,2.36871872942496,4.65665863720302,0.000140329213031989,0.0208039975385675,1.1277366783883
"FKBP5",1.18738922690072,10.1186236527316,4.62867444815199,0.000149923732896964,0.021327456743534,1.06671101371624
"CCNA2",1.13655479425852,5.53284012625674,4.61191342167652,0.000155984345954113,0.0215910984986484,1.03014140656555
"LYRM9",-1.14703278805948,7.70795080922308,-4.60672074815329,0.000157911619113849,0.0216370819523168,1.01880919556142
"ATP12A",-1.43783544173904,1.35193728013984,-4.59939313805199,0.000160672181584883,0.0218401875601874,1.0028156797329
"DSG3",-1.21085479763136,0.682831328878007,-4.59270825607664,0.000163233011443042,0.0218401875601874,0.988222859896059
"SPRED3",-1.01066875479798,7.69697844293774,-4.58539924194895,0.000166080027088265,0.0218725783247797,0.972265281479316
"KRT5",-1.81979160769394,2.56132963960576,-4.54751514428066,0.000181658412866516,0.0226478917228888,0.889516994927866
"GCKR",-1.0631279930685,4.26843960782796,-4.53920564919117,0.000185267607582394,0.0226478917228888,0.871359094005241
"ATOH7",-1.18163686523556,4.05544974039248,-4.53717963774812,0.000186158490755776,0.0226478917228888,0.866931443781364
"CPLX1",-1.14426288707481,10.6610596225365,-4.53141374925276,0.000188717555833775,0.0228230727150512,0.854329787298623
"RFX6",-1.35470107041535,1.08342328487496,-4.51188247039161,0.000197652169056133,0.0230141774527592,0.811633825666857
"CLEC18B",2.0817868941179,4.12141446812327,4.50016723013514,0.000203214342797143,0.0234617904994666,0.786017320377093
"ZNF341-AS1",1.38344557011468,2.2296165534962,4.50014306458117,0.000203225977418896,0.0234617904994666,0.785964475083834
"PTPRD-AS2",-1.03044563912771,3.73296958873566,-4.47765147173233,0.00021435050244556,0.0237640621690754,0.736771263556632
"FAAHP1",1.36192867992591,4.13379676446661,4.47728055829828,0.000214539003937452,0.0237640621690754,0.735959869084412
"RPLP0P2",-1.48293391233645,4.91401715626752,-4.45902155444056,0.000224027456802432,0.0238352851433245,0.696011939514329
"TUBB3",-1.0433546815604,10.3614870743815,-4.4183886668827,0.000246684747390854,0.0245878115795332,0.607078840562369
"LINC01168",-1.65199532682104,5.74443672438707,-4.41261889070385,0.00025008361059712,0.0245878115795332,0.594447035013165
"MAS1",-2.05199164400227,4.27468967633318,-4.4113035207676,0.000250865031776329,0.0245878115795332,0.591567174606167
"GAP43",-1.00073389311797,10.9551018134024,-4.4110028366137,0.000251044003226344,0.0245878115795332,0.590908853302559
"DNAH11",1.04443791809435,6.17860721853416,4.40551864089853,0.000254330870632934,0.0246289817107216,0.578901317251691
"HEPACAM2",-1.03613327740745,1.587089360814,-4.39072292956062,0.000263415689029874,0.0246289817107216,0.546502980546473
"ANKRD18DP",-1.13192681794911,3.88360356991349,-4.38921859402715,0.000264357438090886,0.0246289817107216,0.543208651218309
"ALOX12B",-1.25363995998904,4.22235917377956,-4.37540197025145,0.000273166648366305,0.0248691650005969,0.512949578114341
"GMNC",1.60765677132718,2.4708759960366,4.36123710380873,0.000282503952508514,0.0253190769644544,0.481923987958623
"LINC00473",-1.92022308997453,4.91860026078379,-4.3507241228785,0.000289640503423957,0.0257637601898097,0.458894888035288
"LOC105378385",-1.20318390107929,3.22471684727162,-4.33253366698246,0.000302418748930836,0.0263161835808499,0.419043810557415
"INHBA-AS1",-1.11793474769471,4.86980556631693,-4.33137572804078,0.000303251055833645,0.0263161835808499,0.416506870092963
"CCDC184",-1.14793204938265,7.87945669303513,-4.327174243171,0.000306290352835452,0.0263161835808499,0.407301639545448
"LOC102723493",-1.57587329388607,2.66289815224496,-4.3210806135223,0.000310752775922708,0.0264975376466052,0.393950407631346
"C3orf80",-1.21292707076115,7.76104838810422,-4.30728210760191,0.000321100034461138,0.0265807794113008,0.363716018544167
"P2RX6P",-1.58587812528374,2.25870475335675,-4.30667395515436,0.000321563943486264,0.0265807794113008,0.362383425383085
"LOC100506085",-1.38168946648071,1.40965428148751,-4.297274745375,0.000328819870098555,0.0266373551126821,0.341787252510311
"ELANE",-1.71922000626086,2.66751987417982,-4.29589504901,0.000329898684771883,0.0266373551126821,0.338763898463795
"IL1RL2",-1.10962597797319,3.96653241406612,-4.28343958748842,0.000339799894643404,0.027114032769634,0.311469274251507
"LOC101928269",1.11319352757535,2.33499823110976,4.27352537696196,0.000347893446988601,0.0273225579145543,0.289742654135702
"TFCP2L1",1.23968041136951,5.61170366344563,4.26062391260546,0.00035871560651748,0.0276198406187378,0.261468701181261
"LMNTD1",1.30317031601119,3.63700147001385,4.25985220756568,0.000359373525190359,0.0276198406187378,0.259777460171
"USP2-AS1",-1.01109615334708,3.83638815036912,-4.25569670858614,0.000362937139567562,0.0277775296642779,0.250670376166681
"SH2D5",-1.15824486845475,9.14077052382909,-4.23615429464343,0.000380176519229791,0.028413743709929,0.207841038606951
"COLEC10",-1.01013917870761,2.92242840518229,-4.21997671072032,0.000395066291799957,0.0287566298817526,0.172385763628492
"STAT4",-1.45490060874687,6.87831750516224,-4.21900837697529,0.000395975836213956,0.0287566298817526,0.170263539126609
"C17orf102",-1.1574319339981,5.07322131161323,-4.2180683380463,0.000396860808599693,0.0287566298817526,0.168203327502797
"PTOV1-AS2",1.01123455113332,6.92258056316956,4.21627803024096,0.000398551721005626,0.0287572026353261,0.164279650260932
"TSHR",1.2269072807768,5.60636308095694,4.2039766915472,0.000410366722112558,0.0288035963175483,0.137319967460466
"OTOGL",-1.22581715427845,6.82700252999483,-4.20384458612118,0.000410495488661389,0.0288035963175483,0.137030446879972
"SAP25",1.12824455932612,6.13181592411153,4.19505562653877,0.000419153756344454,0.0289615700630094,0.117768828487605
"HIGD1C",1.2257429507232,2.38128882316317,4.19188702732524,0.000422319848762267,0.0289615700630094,0.110824707496215
"SPATA19",-1.18235218112877,1.03417888095276,-4.19147400119347,0.000422734306854099,0.0289615700630094,0.109919546790382
"LOC108783645",1.32697944016683,2.55830544321598,4.17322448942622,0.000441459024975574,0.0296455033356122,0.0699261695544395
"TNFRSF6B",1.06966397530242,2.6880924357244,4.16361731806363,0.000451647330697806,0.0299441736550668,0.04887327952388
"LOC100129620",-1.08283940422961,2.83448204460144,-4.15361414996505,0.00046250548733683,0.0302197201083358,0.0269535252063902
"MIR6758",1.05695310657362,1.98939477429891,4.15274538976072,0.000463460728876832,0.0302197201083358,0.0250498758808142
"ZBBX",-1.28644298782019,6.37223609803197,-4.15080243561424,0.000465604239044762,0.0302197201083358,0.0207924554303833
"MIR6717",1.35990072426358,4.29171666032327,4.14940372239297,0.000467153462381359,0.0302343824207197,0.0177276070839181
"LBX2-AS1",1.58916848551198,3.12697085475146,4.13842313059375,0.000479495978760216,0.030400156931015,-0.00633216809222148
"C17orf82",1.2690131767282,2.50420758921774,4.13355677020825,0.000485069621344732,0.0305280336313809,-0.0169944512038791
"LINC00463",1.69361580484462,3.53332438517348,4.13005323975571,0.000489122395376595,0.0305280336313809,-0.0246705499593221
"RFX8",-1.2407247769252,3.45875265250127,-4.12633036634548,0.00049346597885379,0.0305655981879071,-0.0328270295909396
"WNT1",-1.14692790051779,5.14728356230906,-4.12218913839962,0.000498342957167431,0.0307239490635393,-0.0418998459087545
"OVOL3",1.30371729623922,4.36792741355709,4.11822520687362,0.000503056233861057,0.0308079359472923,-0.0505839855644199
"F3",-1.41232138444865,9.52878875746889,-4.11469598195442,0.000507290083459193,0.0308170997623243,-0.0583155640234398
"MCHR1",-1.31437682619944,6.24295784795867,-4.10241129786304,0.000522306918579077,0.0311432674748359,-0.0852263464148653
"SPTSSB",-1.11114245807098,5.96769318706435,-4.09122651307849,0.000536364921070525,0.0314969270749856,-0.109725297747056
"DSPP",1.06993387807048,1.04570750268894,4.08825729444657,0.0005401599271019,0.0316150361520669,-0.116228609356634
"LINC01068",1.56907568872426,1.70876152994745,4.08165488212273,0.000548694913532472,0.0319444055882746,-0.13068884779559
"LINC01257",-1.81684998405134,2.61404933559129,-4.07695531704851,0.000554851952385575,0.0321648151030356,-0.140981008385086
"LOC101929705",-1.1534149553453,3.20050754134793,-4.07148347427736,0.000562107701631252,0.032380701940961,-0.152963857862052
"LOC101926941",-1.223931307928,3.42166950676464,-4.07132992338738,0.000562312672525994,0.032380701940961,-0.153300110851509
"SLC4A9",1.09846549178873,5.46986706325066,4.07055352025808,0.000563350214380154,0.032380701940961,-0.155000306762453
"NUP210L",1.26534989621889,6.18090231839352,4.06138660425228,0.000575745744545479,0.0327326537792884,-0.17507327978926
"LOC100506136",1.62409938011187,4.68499172961925,4.05493771244375,0.000584628638932073,0.0329749999464181,-0.189193313594469
"HSPB7",1.03669666710225,5.03079210631833,4.0476596135548,0.000594818009961187,0.033235753544619,-0.205127641899522
"IL33",-1.13564627070581,6.87711074114338,-4.0100041591409,0.000650432819793451,0.0347366976397566,-0.287544823948732
"CHGB",-1.13191897071949,10.173835034099,-3.98120422565437,0.000696439979988604,0.0361962004925112,-0.350549021015148
"LINC01219",-2.02334157831522,2.56335682047963,-3.97326460453684,0.000709683720317499,0.0365345717878819,-0.367912876895894
"ITPKB-IT1",1.14474757589571,5.31377463228502,3.97176468507662,0.000712213687779135,0.0365953737678938,-0.371192912730637
"EPS8L3",1.56853240077219,3.6271646873455,3.96876209573456,0.000717305272479629,0.0366498194893438,-0.377758736705213
"KCNE2",-1.1370434665737,2.41255909027888,-3.96363582482516,0.000726081930974214,0.0369579789630965,-0.388967639421904
"ADORA2A",1.56142589558878,3.61186871111527,3.95275621094811,0.000745064597254773,0.0372944696005941,-0.412753061422364
"DLX4",-1.86450701682086,1.62751461324383,-3.94621476143484,0.000756714979342352,0.0375360189661144,-0.427051854827507
"RBM3",-1.02275842001111,8.39941140731807,-3.94516465597402,0.00075860203838822,0.0375360189661144,-0.429347084662484
"CITED1",-1.0494016656152,5.22424357553219,-3.94271083441297,0.000763029874737109,0.0376381827302141,-0.434710250389575
"LOC100129316",1.36410478119286,4.75603907881684,3.94164585038281,0.000764959594419774,0.0376648889230644,-0.437037838648765
"GCNT4",-1.10492188309211,6.16804420258328,-3.93822642123908,0.000771188380724014,0.0377659580668637,-0.444510876102542
"GNAS-AS1",1.00975903454839,2.59192749294296,3.93057246196724,0.000785314192151962,0.0381137281450496,-0.461236440191543
"BDNF",-1.01197333907483,6.19504560664964,-3.92610342090489,0.000793680752528351,0.0381782957732166,-0.471001038202801
"SELE",-2.23528630117888,4.23507114566004,-3.91904673711629,0.000807072528785559,0.038617068264466,-0.486417600496032
"ZNF215",-1.03260758520087,4.80647318382328,-3.91744358034097,0.000810146094123283,0.0386278796723457,-0.489919650319515
"HILS1",1.08593762434011,4.45947276788696,3.9163731118187,0.000812204869155351,0.0386389314488003,-0.492257989784885
"ADAMTS2",1.3091895053417,7.35521743727205,3.91425370271378,0.000816296373193892,0.0386494251391803,-0.496887480905525
"FAM182B",-1.06876117464686,5.13191525656604,-3.90971204392854,0.000825133146225251,0.0388165381403633,-0.506807235686337
"EFCAB3",-1.05087305081843,0.708731226515414,-3.90317491688025,0.000838019733892405,0.0391990954836223,-0.521083654266746
"MRGPRF",1.27144328845549,5.69870978889,3.90231056683772,0.000839738526922775,0.039211886807943,-0.522971147370156
"LOC100506274",-1.79412172020677,2.51724584255431,-3.89131287615619,0.000861916177444558,0.0397918381926605,-0.54698364186955
"NLRP14",-1.00891363775505,3.21538929998221,-3.89071452080196,0.000863139362338848,0.0397918381926605,-0.548289919665786
"SFTPA1",-1.34331859372625,3.68028220445602,-3.88551795612395,0.000873835209638022,0.0399783292368963,-0.559633821442437
"HIF3A",1.23937466921262,9.99721889493685,3.88286844673661,0.000879339153353883,0.0400949096310771,-0.565417048683909
"DNASE1L2",1.07046175729576,6.91329182353762,3.86977781430269,0.000907042436047837,0.0410292055263046,-0.593985101407315
"AKR1C2",1.01082617974436,5.41730206895055,3.86772025348223,0.000911474925293647,0.0410769347561738,-0.598474514256798
"SUCNR1",-1.48050586639207,1.66516068832515,-3.86669243838113,0.000913697140164837,0.0411087950458906,-0.600717025534995
"CLEC4F",-1.6324387585239,1.33276736450527,-3.83919526389788,0.000975186824488755,0.0428260044054002,-0.660688323234114
"LOC727993",1.10716961607802,1.98984825512773,3.8362588353284,0.000981991293232226,0.0429008434547348,-0.667090003290056
"PLK4",-1.30108201992641,4.03382240561212,-3.81692555494341,0.00102798268133367,0.0438508964537462,-0.709224832737339
"RGS4",-1.6871501977941,10.3042300509828,-3.81526621386009,0.0010320281988446,0.0438854624367617,-0.712840075789573
"TRPA1",-1.18317563442163,3.96170807801727,-3.79515173980707,0.00108234152639282,0.0449677268162897,-0.756649379830183
"LINC01119",-1.00249863732951,2.75552106057852,-3.77419538271687,0.00113734742048113,0.0461229230458192,-0.802262623695876
"LINC00906",1.23337980713713,1.74154269981329,3.77001513158081,0.00114864656963436,0.0465116140808658,-0.811357519571517
"LRTM2",-1.02680135175253,8.49476896618372,-3.74906268342849,0.00120697767383437,0.0475258407708656,-0.856923766954215
"DNAJB5-AS1",1.13741367625137,1.97147385139011,3.73584161966725,0.00124528413538841,0.0481466532501657,-0.885658863927087
"HECTD2-AS1",-1.28856558525766,2.42646580040534,-3.73376777783411,0.0012514010473443,0.0482251568387086,-0.890164966574452
"TLDC2",1.00618065963368,4.89584373860841,3.73304840793976,0.00125352980725515,0.0482386718735209,-0.89172795356995
"VSNL1",-1.24344524233612,11.8911381099246,-3.72760027523298,0.00126976868335625,0.0485879046254656,-0.903563849253911
"MSC-AS1",-1.08754607716698,5.14887514179222,-3.72043982743928,0.00129142825970497,0.049208495345219,-0.919116021629383
"HES5",-1.57703012146376,6.25093358641843,-3.71844375086324,0.00129753104936612,0.0492854351933181,-0.923450658693152
