#node1	node2	node1_string_id	node2_string_id	neighborhood_on_chromosome	gene_fusion	phylogenetic_cooccurrence	homology	coexpression	experimentally_determined_interaction	database_annotated	automated_textmining	combined_score
ABCC11	ABCC12	9606.ENSP00000378230	9606.ENSP00000311030	0	0	0.068	0.939	0.495	0.300	0	0.098	0.663
ABCC12	ABCC11	9606.ENSP00000311030	9606.ENSP00000378230	0	0	0.068	0.939	0.495	0.300	0	0.098	0.663
ADCYAP1	GNRH1	9606.ENSP00000462647	9606.ENSP00000276414	0	0	0	0	0	0	0	0.475	0.475
ADCYAP1	CRH	9606.ENSP00000462647	9606.ENSP00000276571	0	0	0	0	0.133	0	0.400	0.636	0.794
ADCYAP1	GAP43	9606.ENSP00000462647	9606.ENSP00000377372	0	0	0	0	0.182	0	0	0.435	0.518
ADCYAP1	BDNF	9606.ENSP00000462647	9606.ENSP00000414303	0	0	0	0	0	0	0	0.595	0.595
ADCYAP1	TSHR	9606.ENSP00000462647	9606.ENSP00000441235	0	0	0	0	0.043	0	0.900	0.177	0.914
ADCYAP1	ADORA2A	9606.ENSP00000462647	9606.ENSP00000480012	0	0	0	0	0	0	0.900	0.161	0.912
ADORA2A	HSPB3	9606.ENSP00000480012	9606.ENSP00000303394	0	0	0	0	0	0	0	0.412	0.412
ADORA2A	PDE10A	9606.ENSP00000480012	9606.ENSP00000355847	0	0	0	0	0.110	0.046	0	0.508	0.546
ADORA2A	SFTPA1	9606.ENSP00000480012	9606.ENSP00000397082	0	0	0	0	0.055	0	0.500	0.053	0.513
ADORA2A	BDNF	9606.ENSP00000480012	9606.ENSP00000414303	0	0	0	0	0.057	0	0	0.491	0.500
ADORA2A	ADCYAP1	9606.ENSP00000480012	9606.ENSP00000462647	0	0	0	0	0	0	0.900	0.161	0.912
AHSG	SAA2	9606.ENSP00000273784	9606.ENSP00000436126	0	0	0	0	0.062	0	0	0.563	0.572
AKR1C2	DHRS11	9606.ENSP00000370129	9606.ENSP00000482704	0	0	0	0	0.104	0.045	0.098	0.471	0.537
ATOH7	HES5	9606.ENSP00000362777	9606.ENSP00000367714	0	0	0	0	0.050	0	0	0.398	0.403
ATOH7	GAP43	9606.ENSP00000362777	9606.ENSP00000377372	0	0	0	0	0.080	0	0	0.526	0.545
ATP12A	F3	9606.ENSP00000218548	9606.ENSP00000334145	0	0	0	0	0	0	0	0.447	0.447
BDNF	MPO	9606.ENSP00000414303	9606.ENSP00000225275	0	0	0	0	0.054	0	0	0.466	0.473
BDNF	VGF	9606.ENSP00000414303	9606.ENSP00000249330	0	0	0	0	0.044	0	0	0.807	0.807
BDNF	TRPA1	9606.ENSP00000414303	9606.ENSP00000262209	0	0	0	0	0.058	0	0	0.499	0.508
BDNF	CRH	9606.ENSP00000414303	9606.ENSP00000276571	0	0	0	0	0.113	0	0	0.803	0.818
BDNF	NEUROD6	9606.ENSP00000414303	9606.ENSP00000297142	0	0	0	0	0.042	0	0	0.441	0.442
BDNF	PCSK1	9606.ENSP00000414303	9606.ENSP00000308024	0	0	0	0	0.049	0.061	0	0.434	0.451
BDNF	TUBB3	9606.ENSP00000414303	9606.ENSP00000320295	0	0	0	0	0.042	0	0	0.511	0.512
BDNF	SELE	9606.ENSP00000414303	9606.ENSP00000331736	0	0	0	0	0	0	0	0.434	0.434
BDNF	GAP43	9606.ENSP00000414303	9606.ENSP00000377372	0	0	0	0	0.062	0	0	0.742	0.748
BDNF	RGS4	9606.ENSP00000414303	9606.ENSP00000397181	0	0	0	0	0.085	0	0	0.375	0.403
BDNF	ADORA2A	9606.ENSP00000414303	9606.ENSP00000480012	0	0	0	0	0.057	0	0	0.491	0.500
BDNF	ADCYAP1	9606.ENSP00000414303	9606.ENSP00000462647	0	0	0	0	0	0	0	0.595	0.595
BDNF	FKBP5	9606.ENSP00000414303	9606.ENSP00000444810	0	0	0	0	0	0	0	0.632	0.632
BDNF	NRN1	9606.ENSP00000414303	9606.ENSP00000480483	0	0	0	0	0.042	0	0	0.825	0.825
CCNA2	SGO1	9606.ENSP00000481380	9606.ENSP00000263753	0	0	0	0	0.698	0	0	0.317	0.785
CCNA2	PLK4	9606.ENSP00000481380	9606.ENSP00000270861	0	0	0	0	0.803	0	0	0.656	0.929
CHGB	VGF	9606.ENSP00000368244	9606.ENSP00000249330	0	0	0	0	0.168	0	0	0.652	0.698
CHGB	CRH	9606.ENSP00000368244	9606.ENSP00000276571	0	0	0	0	0.099	0	0	0.419	0.454
CHGB	PCSK1	9606.ENSP00000368244	9606.ENSP00000308024	0	0	0	0	0.392	0	0	0.456	0.656
CHGB	RFX6	9606.ENSP00000368244	9606.ENSP00000332208	0	0	0	0	0.080	0.046	0	0.389	0.417
COLEC10	F3	9606.ENSP00000332723	9606.ENSP00000334145	0	0	0	0	0	0	0.540	0.074	0.556
CPLX1	RPH3A	9606.ENSP00000305613	9606.ENSP00000374036	0	0	0	0	0.134	0	0	0.349	0.412
CRH	GNRH1	9606.ENSP00000276571	9606.ENSP00000276414	0	0	0	0	0	0	0	0.712	0.712
CRH	CHGB	9606.ENSP00000276571	9606.ENSP00000368244	0	0	0	0	0.099	0	0	0.419	0.454
CRH	FKBP5	9606.ENSP00000276571	9606.ENSP00000444810	0	0	0	0	0	0	0	0.668	0.668
CRH	ADCYAP1	9606.ENSP00000276571	9606.ENSP00000462647	0	0	0	0	0.133	0	0.400	0.636	0.794
CRH	BDNF	9606.ENSP00000276571	9606.ENSP00000414303	0	0	0	0	0.113	0	0	0.803	0.818
DHRS11	AKR1C2	9606.ENSP00000482704	9606.ENSP00000370129	0	0	0	0	0.104	0.045	0.098	0.471	0.537
DSG3	KRT5	9606.ENSP00000257189	9606.ENSP00000252242	0	0	0	0	0.338	0.062	0	0.481	0.649
ELANE	MPO	9606.ENSP00000466090	9606.ENSP00000225275	0	0	0	0	0.999	0.164	0	0.999	0.999
ELANE	SELE	9606.ENSP00000466090	9606.ENSP00000331736	0	0	0	0	0	0.046	0	0.421	0.424
ELANE	SERPINA5	9606.ENSP00000466090	9606.ENSP00000333203	0	0	0	0	0	0.045	0	0.657	0.658
ELANE	F3	9606.ENSP00000466090	9606.ENSP00000334145	0	0	0	0	0	0	0	0.571	0.571
ELANE	IL33	9606.ENSP00000466090	9606.ENSP00000370842	0	0	0	0	0	0	0	0.401	0.400
F3	ATP12A	9606.ENSP00000334145	9606.ENSP00000218548	0	0	0	0	0	0	0	0.447	0.447
F3	MPO	9606.ENSP00000334145	9606.ENSP00000225275	0	0	0	0	0.074	0	0	0.752	0.760
F3	SELE	9606.ENSP00000334145	9606.ENSP00000331736	0	0	0	0	0.049	0	0	0.720	0.723
F3	COLEC10	9606.ENSP00000334145	9606.ENSP00000332723	0	0	0	0	0	0	0.540	0.074	0.556
F3	SERPINA5	9606.ENSP00000334145	9606.ENSP00000333203	0	0	0	0	0	0	0	0.606	0.606
F3	ELANE	9606.ENSP00000334145	9606.ENSP00000466090	0	0	0	0	0	0	0	0.571	0.571
FKBP5	CRH	9606.ENSP00000444810	9606.ENSP00000276571	0	0	0	0	0	0	0	0.668	0.668
FKBP5	BDNF	9606.ENSP00000444810	9606.ENSP00000414303	0	0	0	0	0	0	0	0.632	0.632
GAP43	NEUROD6	9606.ENSP00000377372	9606.ENSP00000297142	0	0	0	0	0.207	0	0	0.273	0.400
GAP43	TUBB3	9606.ENSP00000377372	9606.ENSP00000320295	0	0	0	0	0.129	0	0	0.496	0.542
GAP43	ATOH7	9606.ENSP00000377372	9606.ENSP00000362777	0	0	0	0	0.080	0	0	0.526	0.545
GAP43	ADCYAP1	9606.ENSP00000377372	9606.ENSP00000462647	0	0	0	0	0.182	0	0	0.435	0.518
GAP43	NRN1	9606.ENSP00000377372	9606.ENSP00000480483	0	0	0	0	0.150	0	0	0.544	0.596
GAP43	BDNF	9606.ENSP00000377372	9606.ENSP00000414303	0	0	0	0	0.062	0	0	0.742	0.748
GNRH1	ADCYAP1	9606.ENSP00000276414	9606.ENSP00000462647	0	0	0	0	0	0	0	0.475	0.475
GNRH1	CRH	9606.ENSP00000276414	9606.ENSP00000276571	0	0	0	0	0	0	0	0.712	0.712
HES5	NEUROD6	9606.ENSP00000367714	9606.ENSP00000297142	0	0	0	0	0.067	0	0	0.419	0.434
HES5	ATOH7	9606.ENSP00000367714	9606.ENSP00000362777	0	0	0	0	0.050	0	0	0.398	0.403
HSPB3	ADORA2A	9606.ENSP00000303394	9606.ENSP00000480012	0	0	0	0	0	0	0	0.412	0.412
HSPB3	SPRED3	9606.ENSP00000303394	9606.ENSP00000345405	0	0	0	0	0	0	0	0.490	0.489
HSPB3	HSPB7	9606.ENSP00000303394	9606.ENSP00000364870	0	0	0	0	0.287	0	0	0.689	0.768
HSPB7	HSPB3	9606.ENSP00000364870	9606.ENSP00000303394	0	0	0	0	0.287	0	0	0.689	0.768
IL1RL2	IL33	9606.ENSP00000264257	9606.ENSP00000370842	0	0	0	0	0.089	0.121	0	0.721	0.757
IL3	MPO	9606.ENSP00000296870	9606.ENSP00000225275	0	0	0	0	0	0	0	0.419	0.418
IL3	IL33	9606.ENSP00000296870	9606.ENSP00000370842	0	0	0	0	0	0	0	0.600	0.600
IL33	MPO	9606.ENSP00000370842	9606.ENSP00000225275	0	0	0	0	0.060	0	0	0.419	0.430
IL33	IL1RL2	9606.ENSP00000370842	9606.ENSP00000264257	0	0	0	0	0.089	0.121	0	0.721	0.757
IL33	IL3	9606.ENSP00000370842	9606.ENSP00000296870	0	0	0	0	0	0	0	0.600	0.600
IL33	SELE	9606.ENSP00000370842	9606.ENSP00000331736	0	0	0	0	0.199	0	0	0.335	0.444
IL33	ELANE	9606.ENSP00000370842	9606.ENSP00000466090	0	0	0	0	0	0	0	0.401	0.400
KCNE2	KCNE5	9606.ENSP00000290310	9606.ENSP00000361173	0	0	0	0	0	0	0	0.791	0.791
KCNE5	KCNE2	9606.ENSP00000361173	9606.ENSP00000290310	0	0	0	0	0	0	0	0.791	0.791
KRT5	DSG3	9606.ENSP00000252242	9606.ENSP00000257189	0	0	0	0	0.338	0.062	0	0.481	0.649
MCHR1	RGS4	9606.ENSP00000249016	9606.ENSP00000397181	0	0	0	0	0.086	0	0.500	0.175	0.590
MPO	IL3	9606.ENSP00000225275	9606.ENSP00000296870	0	0	0	0	0	0	0	0.419	0.418
MPO	IL33	9606.ENSP00000225275	9606.ENSP00000370842	0	0	0	0	0.060	0	0	0.419	0.430
MPO	BDNF	9606.ENSP00000225275	9606.ENSP00000414303	0	0	0	0	0.054	0	0	0.466	0.473
MPO	SELE	9606.ENSP00000225275	9606.ENSP00000331736	0	0	0	0	0	0	0	0.743	0.743
MPO	F3	9606.ENSP00000225275	9606.ENSP00000334145	0	0	0	0	0.074	0	0	0.752	0.760
MPO	ELANE	9606.ENSP00000225275	9606.ENSP00000466090	0	0	0	0	0.999	0.164	0	0.999	0.999
NEUROD6	GAP43	9606.ENSP00000297142	9606.ENSP00000377372	0	0	0	0	0.207	0	0	0.273	0.400
NEUROD6	HES5	9606.ENSP00000297142	9606.ENSP00000367714	0	0	0	0	0.067	0	0	0.419	0.434
NEUROD6	BDNF	9606.ENSP00000297142	9606.ENSP00000414303	0	0	0	0	0.042	0	0	0.441	0.442
NRN1	VGF	9606.ENSP00000480483	9606.ENSP00000249330	0	0	0	0	0	0	0	0.454	0.454
NRN1	GAP43	9606.ENSP00000480483	9606.ENSP00000377372	0	0	0	0	0.150	0	0	0.544	0.596
NRN1	BDNF	9606.ENSP00000480483	9606.ENSP00000414303	0	0	0	0	0.042	0	0	0.825	0.825
PCSK1	BDNF	9606.ENSP00000308024	9606.ENSP00000414303	0	0	0	0	0.049	0.061	0	0.434	0.451
PCSK1	RFX6	9606.ENSP00000308024	9606.ENSP00000332208	0	0	0	0	0.056	0	0	0.452	0.460
PCSK1	CHGB	9606.ENSP00000308024	9606.ENSP00000368244	0	0	0	0	0.392	0	0	0.456	0.656
PDE10A	ADORA2A	9606.ENSP00000355847	9606.ENSP00000480012	0	0	0	0	0.110	0.046	0	0.508	0.546
PLK4	SGO1	9606.ENSP00000270861	9606.ENSP00000263753	0	0	0	0	0.467	0.045	0	0.259	0.589
PLK4	CCNA2	9606.ENSP00000270861	9606.ENSP00000481380	0	0	0	0	0.803	0	0	0.656	0.929
RFX6	PCSK1	9606.ENSP00000332208	9606.ENSP00000308024	0	0	0	0	0.056	0	0	0.452	0.460
RFX6	CHGB	9606.ENSP00000332208	9606.ENSP00000368244	0	0	0	0	0.080	0.046	0	0.389	0.417
RGS4	MCHR1	9606.ENSP00000397181	9606.ENSP00000249016	0	0	0	0	0.086	0	0.500	0.175	0.590
RGS4	BDNF	9606.ENSP00000397181	9606.ENSP00000414303	0	0	0	0	0.085	0	0	0.375	0.403
RPH3A	CPLX1	9606.ENSP00000374036	9606.ENSP00000305613	0	0	0	0	0.134	0	0	0.349	0.412
SAA2	AHSG	9606.ENSP00000436126	9606.ENSP00000273784	0	0	0	0	0.062	0	0	0.563	0.572
SELE	MPO	9606.ENSP00000331736	9606.ENSP00000225275	0	0	0	0	0	0	0	0.743	0.743
SELE	ELANE	9606.ENSP00000331736	9606.ENSP00000466090	0	0	0	0	0	0.046	0	0.421	0.424
SELE	BDNF	9606.ENSP00000331736	9606.ENSP00000414303	0	0	0	0	0	0	0	0.434	0.434
SELE	IL33	9606.ENSP00000331736	9606.ENSP00000370842	0	0	0	0	0.199	0	0	0.335	0.444
SELE	F3	9606.ENSP00000331736	9606.ENSP00000334145	0	0	0	0	0.049	0	0	0.720	0.723
SERPINA5	F3	9606.ENSP00000333203	9606.ENSP00000334145	0	0	0	0	0	0	0	0.606	0.606
SERPINA5	ELANE	9606.ENSP00000333203	9606.ENSP00000466090	0	0	0	0	0	0.045	0	0.657	0.658
SFTPA1	ADORA2A	9606.ENSP00000397082	9606.ENSP00000480012	0	0	0	0	0.055	0	0.500	0.053	0.513
SGO1	PLK4	9606.ENSP00000263753	9606.ENSP00000270861	0	0	0	0	0.467	0.045	0	0.259	0.589
SGO1	CCNA2	9606.ENSP00000263753	9606.ENSP00000481380	0	0	0	0	0.698	0	0	0.317	0.785
SLC38A2	SLC6A9	9606.ENSP00000256689	9606.ENSP00000353791	0	0	0	0	0.064	0	0	0.391	0.405
SLC6A9	SLC38A2	9606.ENSP00000353791	9606.ENSP00000256689	0	0	0	0	0.064	0	0	0.391	0.405
SPRED3	HSPB3	9606.ENSP00000345405	9606.ENSP00000303394	0	0	0	0	0	0	0	0.490	0.489
TRPA1	BDNF	9606.ENSP00000262209	9606.ENSP00000414303	0	0	0	0	0.058	0	0	0.499	0.508
TSHR	ADCYAP1	9606.ENSP00000441235	9606.ENSP00000462647	0	0	0	0	0.043	0	0.900	0.177	0.914
TUBB3	BDNF	9606.ENSP00000320295	9606.ENSP00000414303	0	0	0	0	0.042	0	0	0.511	0.512
TUBB3	GAP43	9606.ENSP00000320295	9606.ENSP00000377372	0	0	0	0	0.129	0	0	0.496	0.542
VGF	NRN1	9606.ENSP00000249330	9606.ENSP00000480483	0	0	0	0	0	0	0	0.454	0.454
VGF	CHGB	9606.ENSP00000249330	9606.ENSP00000368244	0	0	0	0	0.168	0	0	0.652	0.698
VGF	BDNF	9606.ENSP00000249330	9606.ENSP00000414303	0	0	0	0	0.044	0	0	0.807	0.807
